chr	start	end	strand	locus	guideID	sequence	TG1-InputLibrary
chr4	156026280	156026302	+	peak_10	66	GGCCTGAAGCCCAGTCTGAG	284
chr4	156026211	156026233	+	peak_10	67	TCTGCTCTACACTTCACAGA	350
chr4	156026240	156026262	+	peak_10	73	CAAACACCTCAGATGTCTGC	382
chr4	156026323	156026345	+	peak_10	48	GAGACAAGGCAAGTTGGAGC	326
chr4	156026183	156026205	+	peak_10	74	GTTAGGAGATGTCCAGAAAG	412
chr4	156026534	156026556	-	Tnfrsf18_ENSMUST00000040274.12	1	ACTCTCCTCCTTGCCTTACC	539
chr4	156026371	156026393	+	Tnfrsf18_ENSMUST00000040274.12	1	ACTCAGGAGAAGCACTATGG	352
chr4	156026160	156026182	+	peak_10	68	GGAGTTGGGAGAGGCATGTA	497
chr4	156025987	156026009	+	peak_10	23	GTGCTCTGGACTCCTCTCGC	364
chr4	156026350	156026372	-	peak_10	31	GTCTTCTGTCGGCTGATTTC	419
chr4	156026390	156026412	+	Tnfrsf18_ENSMUST00000040274.12	1	GGGGCATGGGCCATGCTGTA	436
chr4	156025961	156025983	+	peak_10	36	ATGATCTTCTTAACGAGGCA	318
chr4	156026013	156026035	+	peak_10	28	TCCTAGTTTCCCAGGCTTAG	478
chr4	156026480	156026502	+	Tnfrsf18_ENSMUST00000040274.12	1	GGCAAGGTTCAGAACGGAAG	371
chr4	156026139	156026161	+	peak_10	6	CCTAGCCAGGGCGAGTTTGC	431
chr4	156026139	156026161	-	peak_10	13	CCAGCAAACTCGCCCTGGCT	505
chr4	156026581	156026603	-	peak_10	7	TCCTCATATGAGTGTCGGGA	428
chr4	156026453	156026475	+	Tnfrsf18_ENSMUST00000040274.12	1	GTAGTTGAGGAGCCTGGCTG	483
chr4	156025903	156025925	-	peak_10	75	ATGGGCGGTGTGGCCTGCCC	478
chr4	156026072	156026094	+	peak_10	20	ATACAATAAGGGGTGCCCAC	481
chr4	156025885	156025907	+	peak_10	44	GGAACTGCCAAGGCTAGACC	336
chr4	156026413	156026435	+	Tnfrsf18_ENSMUST00000040274.12	1	AGTCTCGATGCTCTGTGTGC	366
chr4	156025922	156025944	-	peak_10	34	CTAGCAAGTACATGAAGCCA	436
chr4	156026098	156026120	+	peak_10	62	CAGCAGTGGCACATGTGAAT	637
chr4	156026609	156026631	+	peak_10	52	GGCACAGGGCACATGTGAGT	470
chr4	156026676	156026698	+	peak_10	69	ACAACTTCCTCTCAGAATGT	286
chr4	156026652	156026674	+	peak_10	77	GAGCTCTGATAAGGAGGTAG	253
chr4	156026630	156026652	+	peak_10	11	GGTAGGTAAATCTTTGAGTC	441
chr4	156032215	156032237	+	peak_11	159	AGCTGTCTAGAGACCTTGAG	297
chr4	156032142	156032164	-	peak_11	218	GCATCTCATATGTCAGGCTG	445
chr4	156033664	156033686	-	peak_11	257	CAAGGAACTGAGGCTACAAG	355
chr4	156032239	156032261	+	peak_11	125	AGGTGGGTAATGACTGTCCC	401
chr4	156031061	156031083	+	peak_11	252	AGGGTCTGTGCAGGTCCCAA	346
chr4	156033682	156033704	-	peak_11	302	CTACAGCCACTGCTCTGGCA	304
chr4	156031042	156031064	+	peak_11	249	TAAGAACTGTGAGCTGTGCA	323
chr4	156030739	156030761	+	peak_11	52	TGCCCATCACACCTCTAGAT	327
chr4	156030767	156030789	-	peak_11	12	GTTTCCAGTGTAACTGTCGA	419
chr4	156032066	156032088	+	peak_11	49	GAAATGCTTCCGGCCACAGC	251
chr4	156032170	156032192	-	peak_11	264	AAGGGTTGCTGAGTTGTAAA	566
chr4	156030986	156031008	-	peak_11	18	ACGGCTCATCTCATGCCCCT	450
chr4	156032028	156032050	+	peak_11	253	AGTTTCAGATAAAGGCTCAG	286
chr4	156033725	156033747	-	peak_11	109	GTTTCTAAGCTACAACTGCC	377
chr4	156031806	156031828	+	peak_11	195	TGCTACCCTGTAGCTCTGCT	334
chr4	156033633	156033655	-	peak_11	135	GGTCACAGAGGAAATGATCG	457
chr4	156030791	156030813	-	peak_11	104	GTTTGGGGATGTCCCACCTG	502
chr4	156033702	156033724	+	peak_11	154	TAGACAGAGCCCTCTAGTGG	353
chr4	156030964	156030986	-	peak_11	85	GGTGGACGTGAGTGGAATGC	367
chr4	156032270	156032292	+	peak_11	111	CTATGCTCCCACTGACTAGC	341
chr4	156033559	156033581	+	peak_11	86	CAGGCGGTCTGAATGGAGAA	501
chr4	156032315	156032337	-	peak_11	97	ATGTGAGCCCAGCCCAGTAC	418
chr4	156030682	156030704	+	peak_11	210	CTACAAGGCTAGAATCAGCC	170
chr4	156033747	156033769	-	peak_11	115	CAGTAGTCTCAACTGTGGCA	366
chr4	156031871	156031893	-	peak_11	255	GAGCACCTACTGTGGGGTAG	320
chr4	156030834	156030856	-	peak_11	279	TTCCAGCACATACAGCCTGT	303
chr4	156031009	156031031	+	peak_11	47	GCCAGCCTGTGAGTTAGATC	384
chr4	156033090	156033112	+	peak_11	40	GACATCTTACCACCACCCCG	663
chr4	156032816	156032838	-	peak_11	172	GGCCCCATCTACTCTCTCCC	413
chr4	156030859	156030881	+	peak_11	10	CCCTCCTGTGGGCGGCTGAT	392
chr4	156030859	156030881	-	peak_11	161	CCCATCAGCCGCCCACAGGA	492
chr4	156033423	156033445	-	peak_11	140	TCTTGGAAAGAGCCTGCCCC	404
chr4	156033066	156033088	-	peak_11	269	GCAGAAGTGACAAAGCTCTC	235
chr4	156030880	156030902	+	peak_11	243	GGTGTGATAGTGGGATGGCA	520
chr4	156032335	156032357	+	peak_11	202	CATCCCAGAGACTGTCCCTT	422
chr4	156033160	156033182	+	peak_11	196	ACCAGAAATGTTTATGACAC	312
chr4	156033343	156033365	+	peak_11	167	ACTAACAGCCCAAGGCCCTA	333
chr4	156032837	156032859	-	peak_11	183	CACTCACCCCACAGGAGTAA	415
chr4	156033388	156033410	-	peak_11	7	TGGGTATCTGACGTCCACCG	339
chr4	156031409	156031431	+	peak_11	295	ATGTGCCCTAAGCAGGTCAA	422
chr4	156033192	156033214	+	peak_11	260	CAAGGGACACAGCTCTGACT	305
chr4	156032371	156032393	-	peak_11	120	CACTTAAGCCTGCCTTAGTC	472
chr4	156031835	156031857	-	peak_11	289	CAGCAAGACTTTCCTCCTGC	405
chr4	156032400	156032422	+	peak_11	209	TGTGTTGTAAAGGTCTGTGC	460
chr4	156031087	156031109	+	peak_11	270	AGGCTGAGGGCCTGTAGCTG	517
chr4	156032778	156032800	+	peak_11	108	GCTCCTGGAGACTTACGTGT	605
chr4	156033318	156033340	-	peak_11	118	GGTCAGGGCAACATTTCTGC	535
chr4	156033286	156033308	-	peak_11	228	TGCTACATAGCCATGCCCCT	455
chr4	156033535	156033557	+	peak_11	54	TAGACTGAAACACCTGGCAT	260
chr4	156030651	156030673	-	peak_11	189	TGACTCCTCACCCACCCAGT	527
chr4	156031717	156031739	+	peak_11	71	GACCAGTCAAAAAACCAACG	216
chr4	156031247	156031269	+	peak_11	91	AAGTACTTGCCCATCTGCAT	346
chr4	156032612	156032634	-	peak_11	76	CTGGCCTTACATTGTCACTG	411
chr4	156032631	156032653	-	peak_11	20	TAGTTGTATCAAGACTGGTC	282
chr4	156032966	156032988	-	peak_11	37	TAGCCTATCTGGTTCAAGCA	256
chr4	156032938	156032960	-	peak_11	81	GCCAGCCATGGGCTGTCCAA	140
chr4	156033006	156033028	+	peak_11	28	TCACATCAGGATCTTAGTAG	628
chr4	156032747	156032769	-	peak_11	24	TAGGACAGCATAGAGCTCTA	337
chr4	156033444	156033466	+	peak_11	14	GAGGAACCACAATCGGTTAT	353
chr4	156031473	156031495	-	peak_11	116	ATTAACGCATGAACGTTGGA	354
chr4	156031206	156031228	-	peak_11	216	GTGGTCTCTGTTTGGATGGT	717
chr4	156031749	156031771	-	peak_11	17	CCACCCCCACGTAGGACTAA	571
chr4	156030620	156030642	-	peak_11	148	GAGGCAGTTGCAGGCAATGA	502
chr4	156033493	156033515	+	peak_11	63	TTCATGCTCTAGGCCACAAC	341
chr4	156031268	156031290	+	peak_11	236	GGCTGGCAACCACAACAGCT	459
chr4	156032497	156032519	+	peak_11	96	AACTCTACTGGTAGGACCAC	286
chr4	156032581	156032603	+	peak_11	83	GTCAGGAGCTCTATTCTCCT	279
chr4	156033997	156034019	+	peak_11	247	TAAAAGAACAGGGACTAGTC	214
chr4	156032518	156032540	+	peak_11	213	GGATTCCCTCCAAGGAGAGG	304
chr4	156032649	156032671	+	peak_11	162	AACTATCAGCTCCTAAGCCT	290
chr4	156032908	156032930	-	peak_11	266	TACCTGCTACCCTTCATTCC	411
chr4	156033772	156033794	-	peak_11	194	AGTGGATAAGGAAATCTTCC	256
chr4	156031117	156031139	-	peak_11	9	ACTCCCCTTCTTGCCGTCAC	621
chr4	156032464	156032486	-	peak_11	235	TTCCTCCACCACAAGACACT	411
chr4	156031912	156031934	-	peak_11	191	CACGCGCGCGCTCGCTCTCG	540
chr4	156031146	156031168	+	peak_11	185	TCCAGGGGTGCTAGAATGTA	488
chr4	156031319	156031341	+	peak_11	33	TTCTAAACGCCCCTCCCGGA	380
chr4	156033228	156033250	+	peak_11	145	AGGCTATAGAAAATAGAACT	222
chr4	156031532	156031554	+	peak_11	160	TCCTGCCGGGCAACCCTCCC	607
chr4	156031618	156031640	-	peak_11	222	GAAGAAGAGGGGATTTGGCC	434
chr4	156033967	156033989	-	peak_11	254	TTATATCTAATAACACTAAA	196
chr4	156031589	156031611	-	peak_11	61	GGGTAGGAGACGGACCACCC	284
chr4	156033805	156033827	+	peak_11	284	GCTCCAATACAAAACAGGGA	279
chr4	156032677	156032699	-	peak_11	136	CCATTAGGAATACAACAATA	317
chr4	156032677	156032699	+	peak_11	258	CCATATTGTTGTATTCCTAA	658
chr4	156031566	156031588	-	peak_11	250	AAACATGGCATGTAGGTACA	301
chr4	156032707	156032729	-	peak_11	32	CATTTGAGCATCTAGCCACC	396
chr4	156035027	156035049	+	Ttll10_ENSMUST00000184348.7	14	AGAGGGCTCAGACTCCGCTA	384
chr4	156034895	156034917	+	Ttll10_ENSMUST00000184348.7	14	CGCTGGATGCTGCGGCTGCT	563
chr4	156034954	156034976	+	Ttll10_ENSMUST00000184348.7	14	GCTCCTCCTCGGGCGGACCC	396
chr4	156034972	156034994	-	Ttll10_ENSMUST00000184348.7	14	CACAGCCCGGGAACCCTCCC	412
chr4	156034920	156034942	-	Ttll10_ENSMUST00000184348.7	14	CAGAGAAGTACGAGCCATCG	275
chr4	155993070	155993092	-	peak_1	82	CCTATCCTTCAAAGCCGCCC	539
chr4	155993070	155993092	+	peak_1	322	CCAGGGCGGCTTTGAAGGAT	484
chr4	155993052	155993074	+	peak_1	261	ACTCCCCGGAGCTGATATCC	339
chr4	155993100	155993122	-	peak_1	134	GGGTCACGTGTCAATCATTC	386
chr4	155993133	155993155	+	peak_1	238	TCCTATTGGTTGCTTCGCAG	486
chr4	155992375	155992397	-	peak_1	274	TGGCTGGCACCGGAGAGGCG	443
chr4	155992610	155992632	-	peak_1	75	GCCTCTCGCCCGCAGCATGA	399
chr4	155992397	155992419	+	peak_1	61	ACGTGCTGCGCACTGCGGTG	520
chr4	155993034	155993056	-	peak_1	193	GGAGTCGAAACCCCCAGCCA	369
chr4	155992590	155992612	-	peak_1	28	AGGTATTCCGGCGCGCTTGG	422
chr4	155993158	155993180	+	peak_1	248	GCTTCCGCCCATAAGAAAGA	444
chr4	155992356	155992378	-	peak_1	23	GTGGCGGACCCGAGGACGTG	543
chr4	155992631	155992653	+	peak_1	143	GCCGCCGAGGAGCGCAGGCG	361
chr4	155992994	155993016	+	peak_1	48	CCGGTTAGGCCTGGTAACGT	529
chr4	155992994	155993016	-	peak_1	138	CCCACGTTACCAGGCCTAAC	459
chr4	155992456	155992478	+	peak_1	174	GCCAGGAAGGCCTTAGCGCG	424
chr4	155992975	155992997	+	peak_1	102	GACTCGGAGACTGGCGCGGC	343
chr4	155992565	155992587	+	peak_1	141	CGCCTAGGCCCAGCGCCACC	606
chr4	155993219	155993241	-	peak_1	237	TAAGACAACCGGGAACGGTG	319
chr4	155993198	155993220	-	peak_1	204	GGAAAAAAACACCCGGCCTC	273
chr4	155992427	155992449	-	peak_1	52	GGTGGCCAGTGCGCCCCGCG	681
chr4	155992333	155992355	-	peak_1	205	GCGCGCTTCGCCGTGGGCAC	802
chr4	155993414	155993436	+	peak_1	59	TCTGAGCCGGCTCGACCCCG	424
chr4	155993391	155993413	+	peak_1	38	GGTAGCGTTCGAATCGCGCC	359
chr4	155992311	155992333	-	peak_1	129	GCGGCTTAGGCTCGGAGGAG	446
chr4	155992849	155992871	+	peak_1	254	TCGGAGACTGGAAGGCTCGG	481
chr4	155992476	155992498	+	peak_1	236	GGGCCGAGCGGCTCCGGAAG	433
chr4	155993179	155993201	+	peak_1	80	GGCGGCTTCGAGATTCGTAC	452
chr4	155992529	155992551	-	peak_1	161	CGGCACCACTCTGTTGTACC	355
chr4	155993245	155993267	+	peak_1	227	GCCCCTTCCCGGAAGAAAGA	360
chr4	155992289	155992311	-	peak_1	90	GCGCGCTCTTGAGCTCGAGC	440
chr4	155993369	155993391	+	peak_1	162	GGCGGGCTTGGGAGGCCATT	532
chr4	155992121	155992143	+	peak_1	62	GGTCCACCAGGATAGCGTCC	355
chr4	155992511	155992533	-	peak_1	203	CCTGGCGCGCTGCGCTTCCG	606
chr4	155991687	155991709	-	peak_1	281	GCCTTTCCTATGTCTATGAC	370
chr4	155993351	155993373	+	peak_1	142	TGCAGTCGCCGTGCGAGGGG	521
chr4	155992100	155992122	+	peak_1	71	GTGCGGGCTCCCGTGCGCGT	725
chr4	155993448	155993470	-	peak_1	130	AGTTCCGGAAGCAGCAGCCG	404
chr4	155993274	155993296	-	peak_1	72	TCTTACGCAGAACTCGGCTC	399
chr4	155992139	155992161	-	peak_1	105	CGACGACTCCTTTGCGCGCC	757
chr4	155993786	155993808	+	peak_1	245	GTAGACCAGAGTGGCTGCAC	338
chr4	155993743	155993765	+	peak_1	313	CGAGCTTTCTCCGTGTAGCT	507
chr4	155992002	155992024	+	peak_1	93	GTAGTAGTCGCAGAGTTGCC	367
chr4	155991979	155992001	-	peak_1	7	CTGCCCTACGCGTTGGGCGG	475
chr4	155991655	155991677	+	peak_1	262	TTGCGCTGGCAGCACTGGGA	559
chr4	155993489	155993511	+	peak_1	290	GAGGCTCGGGGCTCTGTTAC	278
chr4	155993330	155993352	-	peak_1	300	CAGGGACCCCTCACTCACCC	633
chr4	155992239	155992261	+	peak_1	18	CTCGTAGGCGTCGCGCAGGG	492
chr4	155993591	155993613	+	peak_1	301	CTAGTAGTGTGAGCTGGAAA	507
chr4	155993312	155993334	+	peak_1	233	GACCCGGCGCATCAGAAGCC	300
chr4	155992067	155992089	+	peak_1	289	CGGAAAAGAAGCCCCAGTAG	388
chr4	155992203	155992225	-	peak_1	258	AGGTCCTGGCCATGCTGACC	367
chr4	155992020	155992042	-	peak_1	170	GTCGCTGGCGAGAAGCAGCC	376
chr4	155993624	155993646	+	peak_1	315	TAAAACCTTCCTGCCCAGCC	408
chr4	155991767	155991789	-	peak_1	314	GCAAAGCCCAGAGGACATGT	344
chr4	155991938	155991960	+	peak_1	213	TGAGGCGCAGGTAATGCACC	449
chr4	155993508	155993530	-	peak_1	84	GTTGAGGTCACAACGCCAGC	334
chr4	155992185	155992207	+	peak_1	86	GTCCACGCGCTCATCCAGCC	531
chr4	155993646	155993668	+	peak_1	221	GGTTGGTGGGCGTTCTTCTC	562
chr4	155991956	155991978	-	peak_1	109	CTATGTCCTTTCTGCGGACC	552
chr4	155991603	155991625	-	peak_1	253	GCCGGGGTCTCTCCTGACAC	384
chr4	155991914	155991936	+	peak_1	4	GCCACGCGCGCAGGTACTCG	575
chr4	155991735	155991757	-	peak_1	276	AGATGTTGCTGCATGAGGGC	334
chr4	155991627	155991649	-	peak_1	77	GCGTTCCCTGATGTCACTGC	534
chr4	155992047	155992069	+	peak_1	10	CGGCTTGACGCGCCCGCGCC	709
chr4	155992166	155992188	-	peak_1	156	GGACTTCGAGTTCGTGCTCA	345
chr4	155991800	155991822	-	peak_1	228	AGGCTGCAACAATCAGTATC	340
chr4	155993665	155993687	-	peak_1	44	AGAACTACGCCGAACAGTAC	402
chr4	155992939	155992961	+	peak_1	126	GCGCGACTCGACTCGGACGC	639
chr4	155991820	155991842	-	peak_1	167	GACACGGAGTACAAATCTCG	250
chr4	155993957	155993979	-	peak_1	272	GAGCCTTTGCCCAGCATTTA	436
chr4	155991580	155991602	+	peak_1	260	ATCAGATTGTTCAGGATGCT	170
chr4	155991893	155991915	-	peak_1	70	GCACAGTGAAGACGTATCGC	324
chr4	155991856	155991878	+	peak_1	189	TGCTCCCGTTGCACATCCAC	493
chr4	155991558	155991580	-	peak_1	307	TAAATGATCTGGGCTGAGCT	386
chr4	155991530	155991552	+	peak_1	246	CCCAAGGTCTCAACAGCAAT	313
chr4	155991530	155991552	-	peak_1	316	CCAATTGCTGTTGAGACCTT	552
chr4	155993920	155993942	-	peak_1	309	TCCTCCAGCAACACAAAAAT	351
chr4	156004272	156004294	+	peak_2	7	GACCACATCATAGTGTTGTA	370
chr4	156004252	156004274	-	peak_2	8	GTCATGAGACTAAAGGGGCC	376
chr4	156004354	156004376	+	peak_2	10	CAGCTTCAATGTGAGTGCAC	382
chr4	156004324	156004346	+	peak_2	5	GAGAGACACCAAGACGTTTC	341
chr4	156004492	156004514	+	peak_2	13	ATCTTAAGATGGTACAGAGT	461
chr4	156004198	156004220	+	peak_2	9	TATAAAAACATTGTGCCTAG	298
chr4	156004569	156004591	-	peak_2	3	GCTACGAGTCACCGTGTGGA	584
chr4	156004404	156004426	-	peak_2	4	AAGACATTTCACTGCACTTG	338
chr4	156004084	156004106	+	peak_2	17	AACTGGAGACATTAGAGTCT	239
chr4	156008191	156008213	+	peak_3	118	ATATGGCCAGAGACAGACTC	264
chr4	156008168	156008190	+	peak_3	24	ATAGAGGAACTGCTATAGTC	317
chr4	156008593	156008615	+	peak_3	88	TAAACAGCTTGGAGTGTGCA	447
chr4	156008360	156008382	-	peak_3	27	GGTTGCCTATGCATCCTCCA	496
chr4	156008214	156008236	+	peak_3	81	ACAATAGGGTAAAGCCATGA	444
chr4	156008131	156008153	+	peak_3	23	CACTTGGTCTGTCTGGTGAT	616
chr4	156008108	156008130	-	peak_3	44	GCCTTCAGGCACGTATTTCT	355
chr4	156008520	156008542	-	peak_3	13	TTTGACGTCTATAGGAACAA	361
chr4	156008085	156008107	-	peak_3	11	GTTAACCTAACCTGAATAAG	217
chr4	156007910	156007932	-	peak_3	59	AAGACTTCACCATGCACTGA	440
chr4	156008651	156008673	-	peak_3	84	CTACCCAGAAGAGCCTAGTA	321
chr4	156008799	156008821	+	Sdf4_ENSMUST00000050078.12	5	TTGGGAACCTCAGAGACCGA	386
chr4	156008064	156008086	-	peak_3	102	GGGCTCATTTAAAGGATGAT	242
chr4	156007883	156007905	+	peak_3	108	TCTCTCTTATGTAAGGCTAG	345
chr4	156008770	156008792	+	Sdf4_ENSMUST00000050078.12	5	AGATGTGCCTCTTGCAGCAC	372
chr4	156007805	156007827	+	peak_3	34	CTTGACCTCAGCACGGTGAA	512
chr4	156008674	156008696	-	peak_3	33	GGGTCAAGACAAAGGGTGCT	370
chr4	156008842	156008864	+	Sdf4_ENSMUST00000050078.12	5	TGCAGACCTGCTGCTGACTG	400
chr4	156007842	156007864	+	peak_3	53	TCTGAGCAGTTGGTGGATTC	552
chr4	156008749	156008771	-	peak_3	57	CTGTGACTATCCAGGCACAA	291
chr4	156008325	156008347	+	peak_3	79	GAGAAAGATTATTTCTGCCC	301
chr4	156008988	156009010	+	peak_3	126	TAACCAATGGGCTGGGAGCC	444
chr4	156009011	156009033	+	peak_3	123	GCAGAGGATACCAAGCCCCA	433
chr4	156008880	156008902	+	Sdf4_ENSMUST00000050078.12	5	TCCTTCACCCTGAGCACAGC	416
chr4	156007776	156007798	+	peak_3	72	TGCACTAGATATGAGAGTCA	424
chr4	156007743	156007765	-	peak_3	74	TGCATCCAAGTAGTGCTGTG	468
chr4	156008254	156008276	+	peak_3	71	GGTCCCTAGAGCTGAGCACC	322
chr4	156008725	156008747	-	peak_3	45	CACGAACGCAAACACTCATA	441
chr4	156008026	156008048	-	peak_3	94	GCACAACCCCCTAGTTCCAG	525
chr4	156007641	156007663	+	peak_3	112	ATGAAGCAGACAGCGTGACC	392
chr4	156008303	156008325	+	peak_3	117	TGACTGTGTTGAGTCCCAGA	494
chr4	156008280	156008302	-	peak_3	4	GGGACTACGTTCTGGTGTCG	466
chr4	156007659	156007681	-	peak_3	119	TTACAGTCTCACTCCCTTCC	426
chr4	156008957	156008979	-	peak_3	90	CCGAAAACAGTGTCACAGTG	374
chr4	156008899	156008921	+	Sdf4_ENSMUST00000050078.12	5	CCGGGGCATGCTCAAGTTCA	585
chr4	156008899	156008921	-	Sdf4_ENSMUST00000050078.12	5	CCATGAACTTGAGCATGCCC	406
chr4	156007617	156007639	+	peak_3	86	TGGTTGACATCTTGCTCTCC	394
chr4	156009056	156009078	+	peak_3	36	TTTCTAAGGAGGTCCTTGGG	525
chr4	156008923	156008945	+	Sdf4_ENSMUST00000050078.12	5	CAAGGAGATCTTTCGGGACT	443
chr4	156007691	156007713	-	peak_3	107	GAAAGTTTATCGCTTGGGGC	290
chr4	156010508	156010530	+	peak_4	17	AGGTGCTGCCTCGTTGGTCT	497
chr4	156010485	156010507	+	peak_4	30	AATGATCAGCCCCACAGCCC	417
chr4	156010391	156010413	+	peak_4	31	CTCTGTGTGCTTACCACACT	334
chr4	156010624	156010646	+	peak_4	16	TTACTTTAGCCAGCAGTAGT	326
chr4	156010549	156010571	-	peak_4	18	CTGCGGGTTTCTGAGGAGTT	622
chr4	156010329	156010351	+	peak_4	19	GGGATGGTTGGTTCAGGTGA	641
chr4	156010580	156010602	+	peak_4	7	TCTACCCTGTGAGAAAGTGC	437
chr4	156010245	156010267	-	peak_4	5	CAGCTCATGACTGGTACAGA	342
chr4	156010221	156010243	-	peak_4	23	CTACTGCCTCAGACACATGC	288
chr4	156010461	156010483	+	peak_4	13	AAAGTTAGATCATATTTCTC	231
chr4	156012761	156012783	-	peak_5	17	CACTCAAACCACTGCACTGA	383
chr4	156012798	156012820	-	peak_5	3	GTGTGTCAGTGAGCTCAACG	632
chr4	156012712	156012734	+	peak_5	6	ACAGCTTAAATGTGTAGTAA	389
chr4	156012863	156012885	+	peak_5	2	GGGGTACAAGGTCATCGAGA	412
chr4	156012527	156012549	-	peak_5	13	ATAAGTGCAGGGAATAGGAC	379
chr4	156012494	156012516	+	peak_5	11	TCACATGTGATCTTAGGTGG	579
chr4	156012649	156012671	-	peak_5	9	TACATGCTAGCTATGCATAG	273
chr4	156012676	156012698	-	peak_5	16	TATCAATTCCCAAACTAACT	258
chr4	156012605	156012627	-	peak_5	7	TTCAGGAGACTAAAACACGA	318
chr4	156013730	156013752	+	peak_6	28	TACGCCTGTGCCAAATACAC	368
chr4	156013767	156013789	-	peak_6	150	GAGTAGGCGGACAGGCAAGA	403
chr4	156013698	156013720	+	peak_6	55	AAGCACTTCTTAGCTTATCA	444
chr4	156013811	156013833	+	peak_6	22	TCTTATAGCCACACCCTGCA	468
chr4	156013841	156013863	-	peak_6	144	TTTCTGCCTTCACAGGAGTC	464
chr4	156014229	156014251	-	peak_6	9	CACAGCGGCTCACCATACCA	668
chr4	156013671	156013693	-	peak_6	45	CCGCTGGGGAACGTGAAGAG	435
chr4	156013671	156013693	+	peak_6	146	CCTCTCTTCACGTTCCCCAG	643
chr4	156014003	156014025	-	peak_6	80	TCAAAGCCAGGCTACTCACC	483
chr4	156013985	156014007	+	peak_6	18	TGCTGTCGTGAGTGCCAGCC	534
chr4	156014258	156014280	-	peak_6	16	CGGATGACATAGAGTATCCC	283
chr4	156013923	156013945	+	peak_6	91	CACTTGGAGTTACAGCAAGG	380
chr4	156014071	156014093	+	peak_6	40	GACACAGGTCCAGAATACGT	328
chr4	156013965	156013987	-	peak_6	139	GCACTTGTGACCACTGGGGT	455
chr4	156014592	156014614	+	peak_6	123	GGCCCAGTTGTGGAGGTGGT	672
chr4	156013533	156013555	-	peak_6	81	GTATGGTAAGTATAATGCCC	318
chr4	156014562	156014584	+	peak_6	63	TGGCCTTGCTCAAGCTGTTC	467
chr4	156015020	156015042	+	peak_6	30	GGGTTGTCCCTATACCAGGC	268
chr4	156014194	156014216	+	peak_6	99	GCTAACTTGTGTAACTTTCT	356
chr4	156013416	156013438	+	peak_6	117	AAGTGTACTGCCATGCCCAG	393
chr4	156014321	156014343	-	peak_6	119	GCACTGTGTACACTGCTTGC	394
chr4	156014047	156014069	+	peak_6	137	AGGGGTGATTCTTGGGGCAA	715
chr4	156014160	156014182	-	peak_6	82	ACTGTGGATACACAGCACCG	337
chr4	156015000	156015022	+	peak_6	130	CTTGGAGTTGGTGAGCCTCA	501
chr4	156014847	156014869	+	peak_6	109	CCCTGTCCATAGGTCAGGGC	272
chr4	156014847	156014869	-	peak_6	111	CCAGCCCTGACCTATGGACA	401
chr4	156014021	156014043	+	peak_6	77	TTTGAGATGTAGTGGCCGGG	673
chr4	156014346	156014368	-	peak_6	129	AGAGTAGGAAGGACTCACGA	328
chr4	156014631	156014653	+	peak_6	132	GACTCAGGCTGGAGACAAGT	408
chr4	156015038	156015060	+	peak_6	12	GCAGGCGCGTGTCTGTCCGT	750
chr4	156014934	156014956	-	peak_6	88	CTGCAGACAGTATCCTGAGT	476
chr4	156013348	156013370	-	peak_6	31	GTCTACATAGTTAAGTCTCA	297
chr4	156013640	156013662	+	peak_6	112	GTGCTTCGTGTGCATATGTT	422
chr4	156014278	156014300	-	peak_6	113	TTGTAGAAGCCAGTCTCACA	404
chr4	156014526	156014548	-	peak_6	155	TGTTCTACCCCAGTTCCACA	548
chr4	156014688	156014710	-	peak_6	135	GAAAGCGACTGAGTGGGCAC	479
chr4	156014371	156014393	+	peak_6	52	ACTCTCACTGTCCAGTGCGC	432
chr4	156014959	156014981	+	peak_6	34	GTAGACCAGGCACCCAACCT	396
chr4	156014820	156014842	-	peak_6	124	ATGGACTTGCTCCTTCTCAA	347
chr4	156014982	156015004	+	peak_6	58	CAGGACAGCGGCTACAAGCT	359
chr4	156014500	156014522	-	peak_6	32	TGGCTGAACTTTCACCCCAT	564
chr4	156014463	156014485	-	peak_6	26	TTAAGGACCCCTTAGTGATC	429
chr4	156014708	156014730	+	peak_6	96	TTCTCCAGGGCTATCTGACC	481
chr4	156014389	156014411	+	peak_6	67	GCAGGGACTAGCCACAACAG	213
chr4	156014770	156014792	-	peak_6	29	ATGTATGATAGCCTGCCTCC	415
chr4	156014897	156014919	-	peak_6	141	TGAGTTCACTTCCACTTCCT	426
chr4	156015070	156015092	+	peak_6	66	ATGCTGGCCCCCTTGAATCA	362
chr4	156015147	156015169	-	peak_6	125	TTAAGAGTAGTTAGAGATGC	273
chr4	156015094	156015116	-	peak_6	104	GCTCATTTATACCATTATCA	344
chr4	156015123	156015145	-	peak_6	121	GAAGTGACAATGTATAAAGT	345
chr4	156014415	156014437	-	peak_6	136	TGCAATCATATAGGAAATAT	266
chr4	156016683	156016705	-	peak_7	27	GAGTACATGTGACCAAGTGT	529
chr4	156016703	156016725	+	peak_7	13	CTCCAGTGTGAGTACGGGTA	510
chr4	156016768	156016790	-	peak_7	1	CTGCTCATCGAGTTGCCAGT	480
chr4	156016597	156016619	+	peak_7	101	TGAGTCTGTGACTGGCACTA	386
chr4	156016619	156016641	+	peak_7	11	GCTGAGGTGGCCTCCTATTC	550
chr4	156016536	156016558	-	peak_7	86	GTAGTATGCATAGCATACAT	300
chr4	156016077	156016099	+	peak_7	28	AAGGGACACTGGCGCAGTGG	437
chr4	156016502	156016524	+	peak_7	76	CACCGTTCTAGGTGCTGGGC	304
chr4	156016648	156016670	+	peak_7	121	AGGGTTTGGGGCCAAAATGA	414
chr4	156015546	156015568	+	peak_7	58	ATAAGAAAGCCCTGTGCTTA	290
chr4	156015523	156015545	+	peak_7	100	TCTAGATGACTGTGATGGAC	462
chr4	156016059	156016081	+	peak_7	93	TTGGTGACTCCTGAGGGTAA	516
chr4	156015581	156015603	+	peak_7	57	GACATCACGAACACCAACAC	448
chr4	156016562	156016584	-	peak_7	55	TGTTTATTAGGAGCACCACC	406
chr4	156016132	156016154	+	peak_7	85	CTCAGTTGGCCTCTCCTCAT	434
chr4	156016736	156016758	-	peak_7	71	TACTTTCCCCTTGGCATTTC	472
chr4	156016478	156016500	-	peak_7	116	GGAGGGTACTGGCAGGCATC	415
chr4	156015793	156015815	+	peak_7	84	GACATAGGTACCTGCCTTGT	295
chr4	156015616	156015638	+	peak_7	124	AGGGGCCCCTGCAGATTGAG	444
chr4	156016161	156016183	+	peak_7	23	ATTTGCTGTTCTCCTAGGCC	428
chr4	156015953	156015975	-	peak_7	134	TCTCCCAGAGCAGTGTGGCC	542
chr4	156016305	156016327	-	peak_7	24	GCTATGGCTCATCGTGAAGG	390
chr4	156016040	156016062	+	peak_7	87	GTTGCCCTCTCCACCCACCT	558
chr4	156015984	156016006	-	peak_7	69	ACAGTGGTTGGCCTGAATGT	396
chr4	156016003	156016025	+	peak_7	102	CTGTCCAATCCACCACAGTC	537
chr4	156016197	156016219	+	peak_7	138	GGCTCCCTTGACTGTCCTGC	437
chr4	156016268	156016290	+	peak_7	39	CTTGTTGTGAGTATCACATT	405
chr4	156015871	156015893	-	peak_7	35	TCCAGATAAGGTACAACTGT	314
chr4	156016220	156016242	-	peak_7	99	AGCCTTCCGGAGCAGGTACA	477
chr4	156015732	156015754	+	peak_7	29	GAAAGGGCAGAACCCCAGCC	519
chr4	156015920	156015942	+	peak_7	51	CAGCTTGGACGCAGTCTGTG	537
chr4	156015657	156015679	-	peak_7	128	AACAAACATGTCCCTGGGCC	295
chr4	156015699	156015721	-	peak_7	22	CCTATACTTCTGTAGCCCCC	326
chr4	156016343	156016365	-	peak_7	104	CCCCCTAAGAGAAGCACAGA	463
chr4	156015681	156015703	+	peak_7	132	TCACATTGTAGTTCTTCTCC	399
chr4	156016428	156016450	+	peak_7	46	TCTGAGCATTACTACAGGAG	350
chr4	156016399	156016421	+	peak_7	120	CACAGACGCACACTTTACTC	469
chr4	156016381	156016403	-	peak_7	110	CTGTGTGTTCCTCCTGGATC	633
chr4	156019150	156019172	+	peak_8	11	GTAGCAGCCAATCAGCCAAC	476
chr4	156019084	156019106	-	peak_8	6	TAGTATCTAGCCAGTCCCCG	402
chr4	156019107	156019129	-	peak_8	3	TCAATTTCCAGAGATTCCTA	511
chr4	156019055	156019077	-	peak_8	13	GCTGATCTTTACTATATTGT	512
chr4	156019003	156019025	+	peak_8	12	ATGAGTGAAACTGTGGGGTG	548
chr4	156022280	156022302	+	peak_9	9	TTGTTCTTGGTAGTAGTCGC	445
chr4	156022301	156022323	+	peak_9	91	GGCAGTAGGTACCTAGAAGT	378
chr4	156022043	156022065	-	peak_9	71	GGGTATAGAGAATGTACTGT	377
chr4	156021993	156022015	+	peak_9	59	AACACCCAATGTCTATGCCT	270
chr4	156022260	156022282	-	peak_9	128	CAAGCAGCTCCAAAACTGGA	361
chr4	156021909	156021931	+	peak_9	132	ACACCTCCGCCTCCTCCTAC	716
chr4	156022437	156022459	+	peak_9	118	TACAGGAGCATTGTATCTCC	281
chr4	156022369	156022391	+	peak_9	96	CAGCCTGAAAACATCTCCTC	335
chr4	156022324	156022346	+	peak_9	79	TGGGACAGGAAGTCTGACAT	401
chr4	156022143	156022165	-	peak_9	147	AACGTGTTCCAAGCAGCAGA	301
chr4	156022120	156022142	-	peak_9	47	TCCTGGCAGTCCGACCCTGT	589
chr4	156022399	156022421	-	peak_9	142	CCACAAAGATCAAAAGATAC	238
chr4	156021950	156021972	-	peak_9	115	CAGCCCCAAAATGAGGCAGC	326
chr4	156021884	156021906	+	peak_9	77	GTGTCACCTCCACACTAGGC	346
chr4	156022075	156022097	+	peak_9	88	CTCAAAAACTCCCTTTACTG	340
chr4	156022098	156022120	-	peak_9	121	GGAATCCCCAGACTGACATG	374
chr4	156022660	156022682	-	peak_9	143	TAGAGTGCAGTGTGTGCACA	504
chr4	156021808	156021830	-	peak_9	21	GGCATGACTTCCTTACGGGC	297
chr4	156022211	156022233	+	peak_9	12	TCGTCAAATCGAGGAGATAA	544
chr4	156021751	156021773	-	peak_9	58	CTTAAGGTGTGGCTGTACAC	419
chr4	156022463	156022485	-	peak_9	89	CAGACTGTTAATTAGCTCCA	334
chr4	156021836	156021858	+	peak_9	145	AGGCCAACAGGAAGCGGGGA	541
chr4	156022632	156022654	+	peak_9	7	GCGAGGATATCACGGTTGGT	508
chr4	156022187	156022209	-	peak_9	107	CAGCTCCCTGGGTTTCCTCG	485
chr4	156021573	156021595	+	peak_9	139	CTCTTGCCACTGGAGGTCAC	404
chr4	156021539	156021561	+	peak_9	133	AGCATAAGAAGATGTAAAGA	386
chr4	156022683	156022705	+	peak_9	65	GGGTTGAGGCTATTAAGACA	522
chr4	156022609	156022631	-	peak_9	120	ATTGGGGATCCCTGTTCTCT	275
chr4	156022571	156022593	-	peak_9	20	ACTTTAGAGGTGTCCCACTG	458
chr4	156021596	156021618	-	peak_9	40	CCAAATGTTCCTATAACACC	294
chr4	156021596	156021618	+	peak_9	78	CCTGGTGTTATAGGAACATT	436
chr4	156021729	156021751	-	peak_9	14	GCACCCAACGACGGGCATTT	504
chr4	156021482	156021504	+	peak_9	61	AGTCACTAGACATCCTGGTG	423
chr4	156021650	156021672	-	peak_9	104	AGTTCATCATATCTGGCCAC	304
chr4	156022535	156022557	-	peak_9	4	GTTGTATTCTAGCTCAGCGG	390
chr4	156022505	156022527	-	peak_9	23	CCTCTTGATATAGACTTGCA	309
chr4	156022505	156022527	+	peak_9	42	CCTTGCAAGTCTATATCAAG	253
chr4	156021628	156021650	-	peak_9	119	GTAGGCCAAGTAAAAAAAGA	363
chr4	156021706	156021728	-	peak_9	108	AGTTCAGTGGGTGTCTCCTT	566
chr4	156022701	156022723	+	peak_9	80	CATGGTCCTGGCTGACTCTT	376
chr4	156022850	156022872	-	peak_9	140	TAATTACAGCAGAAGGCTGT	243
chr4	156022772	156022794	-	peak_9	113	CTAAATGGTGAGATAGTTCC	344
chr4	156022750	156022772	-	peak_9	81	GACAGTCAAAGTTACGAAGA	391
chr4	156021340	156021362	+	peak_9	49	CACTATATGGCCAAATGTGG	338
nontargeting	1	20	.	nt	1	TTTCCTTGTCGTGCCGGAGC	550
nontargeting	1	20	.	nt	2	GTTGGCCAAGGCAGGCTAAA	516
nontargeting	1	20	.	nt	3	TGGTATTCATCGGGGCCACG	378
nontargeting	1	20	.	nt	4	CAGTCAGGATTATCCGCAGG	327
nontargeting	1	20	.	nt	5	AGCAGGGGCCCCACCGTAGT	500
nontargeting	1	20	.	nt	6	TGTACAGGTAGCTGCTCGAC	378
nontargeting	1	20	.	nt	7	ACGCGGCCAAAAGTGATGTG	462
nontargeting	1	20	.	nt	8	TAGCTTAGCATACAACTCAA	322
nontargeting	1	20	.	nt	9	TAGGGACGAGATTCGCTTTC	286
nontargeting	1	20	.	nt	10	GACGCAATTAGAAGGGTCGA	534
nontargeting	1	20	.	nt	11	GAAGCAGGATGGTACAGACG	330
nontargeting	1	20	.	nt	12	GTGCCGCAATTGGCTTGCTT	544
nontargeting	1	20	.	nt	13	AGCCGTCCACGTAACACCAC	392
nontargeting	1	20	.	nt	14	CTAACCGGTAAACGTATTAG	315
nontargeting	1	20	.	nt	15	CGCGTATTAGCCAGCAGAAT	301
nontargeting	1	20	.	nt	16	GCATCGGTTATGGACGTGCC	424
nontargeting	1	20	.	nt	17	CACTATGGGCGCTTCTCGGT	528
nontargeting	1	20	.	nt	18	CTATTAGTGCGCTGACAGGT	384
nontargeting	1	20	.	nt	19	ATAACGGGGGTTAAGAAGTT	303
nontargeting	1	20	.	nt	20	TCCTTCAAGGATGGAACCCC	248
nontargeting	1	20	.	nt	21	GGGGTCAATTACAGATCGGA	385
nontargeting	1	20	.	nt	22	TTGTCGGACGTTATGGCAGC	411
nontargeting	1	20	.	nt	23	TAAAACACAGATTCGGGGTG	445
nontargeting	1	20	.	nt	24	TTGTAGGTCATTATAGAGGT	391
nontargeting	1	20	.	nt	25	CGGAAACATAGTGTAGCCGG	298
nontargeting	1	20	.	nt	26	TAGTATATCTCTGCAGTGCG	437
nontargeting	1	20	.	nt	27	CTGATCCCCATCGTCTACTT	473
nontargeting	1	20	.	nt	28	CATACATTGCCCCAGGCTCG	355
nontargeting	1	20	.	nt	29	TGGAATTACCCTAAGAAGAT	290
nontargeting	1	20	.	nt	30	TGTGATCCATGTGAACCTCT	334
nontargeting	1	20	.	nt	31	GGGTAGACAGTCTCGGAGAG	455
nontargeting	1	20	.	nt	32	AGTGGTGTCGCTCACCTTCG	483
nontargeting	1	20	.	nt	33	AGAGTGGCGTCAGGCTGGCG	551
nontargeting	1	20	.	nt	34	AAGCGCGGAATTACCCGTCA	276
nontargeting	1	20	.	nt	35	TTGTGCCTATAGGTAAAATC	341
nontargeting	1	20	.	nt	36	TCGCCCCCCACTACCAAGAA	486
nontargeting	1	20	.	nt	37	TCCTGACCTATCCGAAAAAA	463
nontargeting	1	20	.	nt	38	CCCACCCCGCTGTTTGCACG	594
nontargeting	1	20	.	nt	39	GGAACCTCGCTAGTACCATT	353
nontargeting	1	20	.	nt	40	TAGCACTATGTGCAACGTCA	410
